Time,TAPPLE_BID,TAPPLE_ASK,APPCHAT_BID,APPCHAT_ASK,BESLA_BID,BESLA_ASK,TAB_BID,TAB_ASK
0,99.98,100.02,19.99,20.01,299.97,300.03,583.14,583.38,
1,99.61,99.65,20.03,20.05,300.42,300.48,581.78,582.02,
2,99.11,99.15,20.06,20.08,298.83,298.89,577.73,577.97,
3,98.79,98.83,20.06,20.08,297.52,297.58,575.19,575.43,
4,98.52,98.56,20.07,20.09,297.37,297.43,573.53,573.77,
5,98.15,98.19,20.05,20.07,295.05,295.11,569.84,570.08,
6,97.84,97.88,19.96,19.98,296.43,296.49,569.44,569.68,
7,97.40,97.44,20.06,20.08,297.23,297.29,568.99,569.23,
8,98.10,98.14,20.04,20.06,297.23,297.29,569.52,569.76,
9,98.41,98.45,20.01,20.03,292.67,292.73,564.79,565.03,
10,97.68,97.72,19.94,19.96,290.40,290.46,561.77,562.01,
11,97.89,97.93,19.79,19.81,292.37,292.43,563.81,564.05,
12,98.66,98.70,19.68,19.70,291.76,291.82,562.99,563.23,
13,99.14,99.18,19.70,19.72,291.80,291.86,564.00,564.24,
14,99.00,99.04,19.65,19.67,292.34,292.40,564.60,564.84,
15,99.98,100.02,19.56,19.58,293.58,293.64,567.15,567.39,
16,100.05,100.09,19.49,19.51,289.34,289.40,562.58,562.82,
17,100.48,100.52,19.60,19.62,289.93,289.99,565.00,565.24,
18,100.36,100.40,19.55,19.57,290.15,290.21,563.44,563.68,
19,101.22,101.26,19.58,19.60,288.63,288.69,563.55,563.79,
20,101.45,101.49,19.58,19.60,287.55,287.61,563.77,564.01,
21,102.17,102.21,19.57,19.59,288.29,288.35,567.14,567.38,
22,101.81,101.85,19.53,19.55,286.23,286.29,563.99,564.23,
23,101.53,101.57,19.50,19.52,285.34,285.40,561.82,562.06,
24,101.38,101.42,19.57,19.59,285.15,285.21,562.03,562.27,
25,101.78,101.82,19.55,19.57,283.41,283.47,560.76,561.00,
26,102.50,102.54,19.55,19.57,287.84,287.90,566.38,566.62,
27,103.04,103.08,19.50,19.52,288.21,288.27,568.94,569.18,
28,102.90,102.94,19.53,19.55,286.92,286.98,568.42,568.66,
29,102.57,102.61,19.53,19.55,287.64,287.70,570.06,570.30,
30,103.26,103.30,19.44,19.46,287.93,287.99,571.69,571.93,
31,103.69,103.73,19.43,19.45,289.71,289.77,573.11,573.35,
32,103.62,103.66,19.36,19.38,288.53,288.59,572.49,572.73,
33,103.50,103.54,19.33,19.35,288.81,288.87,570.99,571.23,
34,102.97,103.01,19.38,19.40,291.12,291.18,573.62,573.86,
35,103.34,103.38,19.41,19.43,288.75,288.81,571.57,571.81,
36,102.81,102.85,19.44,19.46,290.22,290.28,572.97,573.21,
37,102.22,102.26,19.52,19.54,292.75,292.81,575.66,575.90,
38,101.85,101.89,19.47,19.49,292.19,292.25,574.30,574.54,
39,102.03,102.07,19.41,19.43,291.84,291.90,574.19,574.43,
40,101.74,101.78,19.37,19.39,290.99,291.05,571.58,571.82,
41,101.92,101.96,19.41,19.43,291.73,291.79,572.61,572.85,
42,101.60,101.64,19.28,19.30,294.17,294.23,573.37,573.61,
43,101.69,101.73,19.27,19.29,292.94,293.00,572.64,572.88,
44,102.04,102.08,19.22,19.24,292.38,292.44,571.68,571.92,
45,102.52,102.56,19.17,19.19,292.91,292.97,572.23,572.47,
46,102.56,102.60,19.18,19.20,290.95,291.01,571.45,571.69,
47,101.93,101.97,19.17,19.19,292.93,292.99,572.12,572.36,
48,102.68,102.72,19.15,19.17,294.07,294.13,574.03,574.27,
49,103.11,103.15,19.09,19.11,295.40,295.46,575.41,575.65,
50,102.87,102.91,19.02,19.04,295.28,295.34,574.72,574.96,
51,102.90,102.94,19.04,19.06,296.59,296.65,577.12,577.36,
52,102.74,102.78,19.03,19.05,297.49,297.55,577.32,577.56,
53,102.49,102.53,19.06,19.08,292.52,292.58,572.07,572.31,
54,102.46,102.50,19.06,19.08,291.70,291.76,570.33,570.57,
55,102.52,102.56,19.12,19.14,290.15,290.21,568.32,568.56,
56,102.50,102.54,19.04,19.06,288.70,288.76,566.59,566.83,
57,102.85,102.89,19.18,19.20,289.59,289.65,570.07,570.31,
58,102.94,102.98,19.31,19.33,291.53,291.59,571.91,572.15,
59,102.73,102.77,19.36,19.38,290.76,290.82,571.45,571.69,
60,103.26,103.30,19.41,19.43,290.79,290.85,572.28,572.52,
61,102.91,102.95,19.45,19.47,291.42,291.48,572.31,572.55,
62,102.55,102.59,19.57,19.59,291.42,291.48,572.97,573.21,
63,102.26,102.30,19.51,19.53,292.79,292.85,574.15,574.39,
64,101.76,101.80,19.48,19.50,292.09,292.15,572.87,573.11,
65,102.49,102.53,19.58,19.60,289.39,289.45,572.65,572.89,
66,102.66,102.70,19.76,19.78,289.79,289.85,574.04,574.28,
67,102.83,102.87,19.74,19.76,290.36,290.42,574.11,574.35,
68,102.10,102.14,19.63,19.65,287.69,287.75,569.05,569.29,
69,102.47,102.51,19.53,19.55,287.25,287.31,569.14,569.38,
70,102.73,102.77,19.60,19.62,285.14,285.20,566.18,566.42,
71,102.85,102.89,19.56,19.58,288.24,288.30,569.42,569.66,
72,103.00,103.04,19.65,19.67,287.22,287.28,569.68,569.92,
73,103.70,103.74,19.66,19.68,282.93,282.99,567.95,568.19,
74,103.63,103.67,19.57,19.59,280.06,280.12,564.38,564.62,
75,103.46,103.50,19.48,19.50,278.40,278.46,561.16,561.40,
76,103.51,103.55,19.52,19.54,280.92,280.98,562.83,563.07,
77,103.14,103.18,19.46,19.48,280.97,281.03,561.43,561.67,
78,103.37,103.41,19.45,19.47,283.88,283.94,565.57,565.81,
79,103.42,103.46,19.35,19.37,282.77,282.83,565.51,565.75,
80,103.31,103.35,19.38,19.40,279.78,279.84,563.45,563.69,
81,103.24,103.28,19.27,19.29,279.04,279.10,560.66,560.90,
82,103.21,103.25,19.28,19.30,281.25,281.31,563.40,563.64,
83,104.28,104.32,19.25,19.27,278.49,278.55,563.67,563.91,
84,105.00,105.04,19.18,19.20,278.27,278.33,564.30,564.54,
85,105.03,105.07,19.18,19.20,280.67,280.73,565.15,565.39,
86,105.18,105.22,19.12,19.14,281.68,281.74,566.10,566.34,
87,105.00,105.04,19.16,19.18,282.96,283.02,567.60,567.84,
88,104.29,104.33,19.29,19.31,279.67,279.73,564.59,564.83,
89,104.76,104.80,19.30,19.32,279.86,279.92,565.23,565.47,
90,105.01,105.05,19.32,19.34,279.31,279.37,564.53,564.77,
91,105.62,105.66,19.39,19.41,277.66,277.72,565.95,566.19,
92,104.84,104.88,19.38,19.40,276.26,276.32,562.80,563.04,
93,105.17,105.21,19.41,19.43,278.60,278.66,563.81,564.05,
94,104.37,104.41,19.44,19.46,277.87,277.93,561.16,561.40,
95,105.03,105.07,19.54,19.56,279.06,279.12,563.83,564.07,
96,105.48,105.52,19.46,19.48,276.55,276.61,563.43,563.67,
97,105.24,105.28,19.47,19.49,276.21,276.27,562.98,563.22,
98,104.81,104.85,19.53,19.55,274.97,275.03,561.47,561.71,
99,104.31,104.35,19.46,19.48,275.14,275.20,562.35,562.59,
100,104.52,104.56,19.37,19.39,276.92,276.98,565.10,565.34,
101,104.22,104.26,19.42,19.44,278.81,278.87,566.68,566.92,
102,104.24,104.28,19.46,19.48,278.75,278.81,566.58,566.82,
103,104.25,104.29,19.51,19.53,281.10,281.16,568.90,569.14,
104,104.62,104.66,19.51,19.53,282.09,282.15,569.52,569.76,
105,103.93,103.97,19.56,19.58,282.04,282.10,567.15,567.39,
106,104.24,104.28,19.51,19.53,284.18,284.24,570.90,571.14,
107,104.69,104.73,19.53,19.55,284.10,284.16,570.63,570.87,
108,104.27,104.31,19.61,19.63,284.37,284.43,570.63,570.87,
109,105.01,105.05,19.70,19.72,280.98,281.04,570.19,570.43,
110,104.69,104.73,19.73,19.75,281.88,281.94,569.88,570.12,
111,104.44,104.48,19.78,19.80,284.83,284.89,571.86,572.10,
112,104.41,104.45,19.82,19.84,284.20,284.26,570.30,570.54,
113,105.27,105.31,19.97,19.99,284.51,284.57,573.15,573.39,
114,104.77,104.81,19.99,20.01,284.53,284.59,571.55,571.79,
115,103.88,103.92,19.92,19.94,286.84,286.90,571.28,571.52,
116,103.30,103.34,19.94,19.96,285.13,285.19,568.10,568.34,
117,103.30,103.34,19.99,20.01,284.92,284.98,567.84,568.08,
118,103.64,103.68,20.05,20.07,282.99,283.05,568.15,568.39,
119,104.12,104.16,20.06,20.08,282.53,282.59,568.75,568.99,
120,104.09,104.13,20.15,20.17,280.65,280.71,566.56,566.80,
121,104.69,104.73,20.16,20.18,283.48,283.54,570.60,570.84,
122,104.97,105.01,20.09,20.11,281.27,281.33,570.37,570.61,
123,104.19,104.23,20.01,20.03,281.49,281.55,568.24,568.48,
124,104.61,104.65,20.00,20.02,280.16,280.22,567.41,567.65,
125,104.03,104.07,20.00,20.02,280.93,280.99,567.27,567.51,
126,103.27,103.31,19.91,19.93,281.54,281.60,566.61,566.85,
127,103.89,103.93,20.05,20.07,278.97,279.03,566.40,566.64,
128,104.45,104.49,20.07,20.09,278.42,278.48,565.75,565.99,
129,104.66,104.70,20.06,20.08,279.40,279.46,567.01,567.25,
130,104.77,104.81,20.09,20.11,280.05,280.11,568.51,568.75,
131,104.17,104.21,20.23,20.25,278.23,278.29,567.57,567.81,
132,103.85,103.89,20.27,20.29,277.35,277.41,565.11,565.35,
133,103.57,103.61,20.39,20.41,276.46,276.52,565.42,565.66,
134,103.79,103.83,20.36,20.38,276.85,276.91,566.45,566.69,
135,103.45,103.49,20.38,20.40,276.01,276.07,564.97,565.21,
136,103.26,103.30,20.25,20.27,273.81,273.87,561.71,561.95,
137,102.82,102.86,20.28,20.30,273.00,273.06,558.25,558.49,
138,103.16,103.20,20.28,20.30,272.00,272.06,558.06,558.30,
139,103.55,103.59,20.25,20.27,269.86,269.92,555.47,555.71,
140,103.81,103.85,20.24,20.26,270.09,270.15,556.62,556.86,
141,103.53,103.57,20.32,20.34,268.87,268.93,554.31,554.55,
142,104.07,104.11,20.40,20.42,269.56,269.62,556.25,556.49,
143,103.78,103.82,20.46,20.48,272.06,272.12,559.30,559.54,
144,103.21,103.25,20.33,20.35,271.38,271.44,557.63,557.87,
145,102.85,102.89,20.36,20.38,270.77,270.83,555.90,556.14,
146,103.08,103.12,20.38,20.40,271.16,271.22,556.41,556.65,
147,102.58,102.62,20.37,20.39,270.56,270.62,555.74,555.98,
148,101.62,101.66,20.45,20.47,271.03,271.09,555.58,555.82,
149,101.85,101.89,20.41,20.43,274.30,274.36,557.23,557.47,
150,102.17,102.21,20.38,20.40,271.91,271.97,555.70,555.94,
151,102.55,102.59,20.41,20.43,271.24,271.30,556.38,556.62,
152,102.17,102.21,20.45,20.47,268.96,269.02,553.33,553.57,
153,101.65,101.69,20.44,20.46,273.23,273.29,556.91,557.15,
154,101.50,101.54,20.47,20.49,272.03,272.09,555.12,555.36,
155,101.23,101.27,20.51,20.53,272.98,273.04,556.11,556.35,
156,100.34,100.38,20.55,20.57,267.76,267.82,550.19,550.43,
157,100.17,100.21,20.57,20.59,265.37,265.43,548.66,548.90,
158,99.65,99.69,20.48,20.50,266.27,266.33,547.94,548.18,
159,99.77,99.81,20.49,20.51,267.55,267.61,550.43,550.67,
160,99.96,100.00,20.45,20.47,268.28,268.34,550.84,551.08,
161,100.03,100.07,20.49,20.51,267.39,267.45,552.52,552.76,
162,100.02,100.06,20.48,20.50,269.83,269.89,556.04,556.28,
163,100.47,100.51,20.51,20.53,266.63,266.69,554.13,554.37,
164,101.17,101.21,20.54,20.56,271.72,271.78,560.34,560.58,
165,101.16,101.20,20.59,20.61,271.42,271.48,559.00,559.24,
166,101.18,101.22,20.62,20.64,272.68,272.74,558.90,559.14,
167,100.51,100.55,20.75,20.77,272.62,272.68,558.59,558.83,
168,100.91,100.95,20.73,20.75,273.66,273.72,561.54,561.78,
169,100.95,100.99,20.75,20.77,274.42,274.48,562.03,562.27,
170,101.10,101.14,20.75,20.77,274.02,274.08,562.62,562.86,
171,101.28,101.32,20.70,20.72,275.70,275.76,563.93,564.17,
172,101.47,101.51,20.74,20.76,278.19,278.25,568.25,568.49,
173,102.17,102.21,20.76,20.78,278.44,278.50,568.16,568.40,
174,102.45,102.49,20.72,20.74,279.21,279.27,570.11,570.35,
175,102.37,102.41,20.71,20.73,277.84,277.90,566.72,566.96,
176,102.52,102.56,20.65,20.67,278.33,278.39,567.89,568.13,
177,102.52,102.56,20.62,20.64,276.66,276.72,566.58,566.82,
178,102.53,102.57,20.66,20.68,274.52,274.58,564.35,564.59,
179,102.74,102.78,20.63,20.65,273.48,273.54,562.94,563.18,
180,102.84,102.88,20.66,20.68,274.70,274.76,562.96,563.20,
181,102.72,102.76,20.68,20.70,275.41,275.47,564.12,564.36,
182,102.04,102.08,20.77,20.79,276.11,276.17,564.65,564.89,
183,101.82,101.86,20.80,20.82,277.23,277.29,566.41,566.65,
184,101.72,101.76,20.86,20.88,278.90,278.96,568.93,569.17,
185,101.54,101.58,20.84,20.86,280.58,280.64,570.32,570.56,
186,101.79,101.83,20.81,20.83,282.05,282.11,572.51,572.75,
187,102.08,102.12,20.73,20.75,282.47,282.53,573.10,573.34,
188,102.21,102.25,20.69,20.71,283.84,283.90,575.11,575.35,
189,102.27,102.31,20.67,20.69,283.44,283.50,574.32,574.56,
190,101.94,101.98,20.66,20.68,283.79,283.85,574.15,574.39,
191,101.73,101.77,20.72,20.74,287.44,287.50,577.32,577.56,
192,101.31,101.35,20.73,20.75,288.11,288.17,577.11,577.35,
193,101.29,101.33,20.73,20.75,289.16,289.22,578.81,579.05,
194,101.44,101.48,20.73,20.75,288.18,288.24,578.48,578.72,
195,101.41,101.45,20.70,20.72,290.65,290.71,580.53,580.77,
196,101.23,101.27,20.83,20.85,291.19,291.25,580.90,581.14,
197,101.35,101.39,20.82,20.84,290.03,290.09,578.80,579.04,
198,101.56,101.60,20.89,20.91,293.05,293.11,583.16,583.40,
199,101.46,101.50,20.89,20.91,293.13,293.19,582.86,583.10,
200,101.33,101.37,20.77,20.79,292.24,292.30,581.54,581.78,
201,101.02,101.06,20.68,20.70,293.52,293.58,581.15,581.39,
202,100.69,100.73,20.59,20.61,294.91,294.97,580.97,581.21,
203,100.67,100.71,20.58,20.60,294.73,294.79,581.87,582.11,
204,100.55,100.59,20.53,20.55,294.37,294.43,581.04,581.28,
205,100.36,100.40,20.53,20.55,294.20,294.26,579.99,580.23,
206,100.22,100.26,20.51,20.53,293.65,293.71,577.84,578.08,
207,99.77,99.81,20.53,20.55,296.03,296.09,578.51,578.75,
208,99.50,99.54,20.56,20.58,297.41,297.47,579.21,579.45,
209,99.80,99.84,20.56,20.58,293.38,293.44,575.83,576.07,
210,99.67,99.71,20.60,20.62,293.48,293.54,576.66,576.90,
211,99.59,99.63,20.65,20.67,291.08,291.14,574.73,574.97,
212,99.56,99.60,20.65,20.67,293.78,293.84,577.47,577.71,
213,99.75,99.79,20.60,20.62,293.29,293.35,575.25,575.49,
214,99.56,99.60,20.59,20.61,296.60,296.66,578.66,578.90,
215,99.05,99.09,20.54,20.56,293.02,293.08,573.59,573.83,
216,99.14,99.18,20.51,20.53,291.36,291.42,571.37,571.61,
217,99.17,99.21,20.52,20.54,289.17,289.23,568.90,569.14,
218,99.01,99.05,20.45,20.47,291.93,291.99,570.42,570.66,
219,98.95,98.99,20.40,20.42,287.36,287.42,564.86,565.10,
220,99.07,99.11,20.53,20.55,285.70,285.76,564.13,564.37,
221,99.33,99.37,20.56,20.58,284.15,284.21,563.82,564.06,
222,99.64,99.68,20.60,20.62,284.74,284.80,564.08,564.32,
223,99.93,99.97,20.61,20.63,285.50,285.56,565.50,565.74,
224,100.26,100.30,20.60,20.62,284.99,285.05,566.05,566.29,
225,99.98,100.02,20.57,20.59,283.36,283.42,563.44,563.68,
226,100.40,100.44,20.50,20.52,286.92,286.98,568.15,568.39,
227,100.51,100.55,20.36,20.38,287.94,288.00,568.20,568.44,
228,100.77,100.81,20.32,20.34,285.58,285.64,566.54,566.78,
229,101.05,101.09,20.23,20.25,286.46,286.52,566.92,567.16,
230,100.92,100.96,20.23,20.25,287.82,287.88,568.33,568.57,
231,101.25,101.29,20.30,20.32,287.17,287.23,569.17,569.41,
232,101.60,101.64,20.18,20.20,289.58,289.64,572.74,572.98,
233,102.07,102.11,20.19,20.21,289.53,289.59,574.33,574.57,
234,102.02,102.06,20.18,20.20,289.11,289.17,572.87,573.11,
235,101.24,101.28,20.13,20.15,289.43,289.49,572.21,572.45,
236,101.53,101.57,20.12,20.14,290.75,290.81,574.03,574.27,
237,101.19,101.23,20.09,20.11,292.49,292.55,573.72,573.96,
238,101.91,101.95,20.05,20.07,292.99,293.05,575.42,575.66,
239,102.64,102.68,20.00,20.02,292.81,292.87,576.62,576.86,
240,102.38,102.42,20.03,20.05,290.20,290.26,572.35,572.59,
241,102.12,102.16,19.94,19.96,291.60,291.66,572.82,573.06,
242,102.40,102.44,20.03,20.05,291.53,291.59,571.98,572.22,
243,102.84,102.88,20.08,20.10,294.08,294.14,576.17,576.41,
244,102.73,102.77,19.98,20.00,290.64,290.70,571.01,571.25,
245,102.67,102.71,19.95,19.97,293.85,293.91,574.47,574.71,
246,102.42,102.46,20.05,20.07,293.85,293.91,575.65,575.89,
247,102.45,102.49,20.03,20.05,292.76,292.82,574.55,574.79,
248,102.73,102.77,19.99,20.01,291.49,291.55,573.36,573.60,
249,103.02,103.06,19.98,20.00,294.27,294.33,578.18,578.42,
250,103.14,103.18,20.03,20.05,296.12,296.18,581.87,582.11,
251,103.25,103.29,19.93,19.95,298.27,298.33,583.85,584.09,
252,103.42,103.46,19.85,19.87,295.85,295.91,582.16,582.40,
253,103.58,103.62,19.99,20.01,296.01,296.07,582.63,582.87,
254,103.37,103.41,19.96,19.98,297.50,297.56,584.22,584.46,
255,103.28,103.32,19.86,19.88,295.69,295.75,582.75,582.99,
256,103.21,103.25,19.81,19.83,295.41,295.47,582.02,582.26,
257,103.65,103.69,19.86,19.88,294.16,294.22,582.74,582.98,
258,103.88,103.92,19.91,19.93,292.97,293.03,581.97,582.21,
259,104.34,104.38,19.95,19.97,294.24,294.30,584.14,584.38,
260,104.06,104.10,19.93,19.95,290.62,290.68,579.24,579.48,
261,104.24,104.28,19.82,19.84,291.44,291.50,579.04,579.28,
262,104.17,104.21,19.77,19.79,291.28,291.34,579.37,579.61,
263,104.23,104.27,19.76,19.78,288.91,288.97,577.08,577.32,
264,104.47,104.51,19.73,19.75,288.73,288.79,578.45,578.69,
265,104.40,104.44,19.70,19.72,286.42,286.48,575.46,575.70,
266,103.71,103.75,19.72,19.74,286.59,286.65,574.25,574.49,
267,103.41,103.45,19.72,19.74,286.92,286.98,573.75,573.99,
268,103.99,104.03,19.76,19.78,287.61,287.67,575.39,575.63,
269,103.20,103.24,19.76,19.78,286.14,286.20,572.77,573.01,
270,103.27,103.31,19.68,19.70,285.14,285.20,571.30,571.54,
271,102.98,103.02,19.88,19.90,285.24,285.30,571.55,571.79,
272,102.84,102.88,19.88,19.90,284.98,285.04,570.34,570.58,
273,102.74,102.78,19.91,19.93,284.74,284.80,568.68,568.92,
274,101.93,101.97,19.89,19.91,284.72,284.78,565.68,565.92,
275,101.21,101.25,19.87,19.89,285.75,285.81,567.19,567.43,
276,100.84,100.88,19.91,19.93,282.03,282.09,561.30,561.54,
277,100.86,100.90,19.90,19.92,284.00,284.06,564.76,565.00,
278,100.50,100.54,19.85,19.87,281.17,281.23,560.66,560.90,
279,100.48,100.52,19.81,19.83,279.98,280.04,558.82,559.06,
280,100.78,100.82,19.83,19.85,280.83,280.89,559.48,559.72,
281,100.87,100.91,19.72,19.74,280.08,280.14,557.27,557.51,
282,101.19,101.23,19.83,19.85,280.51,280.57,557.88,558.12,
283,101.96,102.00,19.76,19.78,280.32,280.38,561.10,561.34,
284,102.01,102.05,19.73,19.75,280.71,280.77,561.54,561.78,
285,102.38,102.42,19.77,19.79,282.62,282.68,564.84,565.08,
286,102.40,102.44,19.65,19.67,282.72,282.78,563.79,564.03,
287,101.99,102.03,19.61,19.63,282.32,282.38,561.88,562.12,
288,102.42,102.46,19.65,19.67,280.83,280.89,562.32,562.56,
289,102.95,102.99,19.68,19.70,281.24,281.30,564.60,564.84,
290,103.06,103.10,19.70,19.72,280.73,280.79,563.16,563.40,
291,102.60,102.64,19.58,19.60,279.27,279.33,559.82,560.06,
292,102.05,102.09,19.59,19.61,280.43,280.49,560.59,560.83,
293,102.66,102.70,19.68,19.70,279.27,279.33,560.14,560.38,
294,102.44,102.48,19.60,19.62,279.39,279.45,559.32,559.56,
295,102.77,102.81,19.65,19.67,277.75,277.81,558.44,558.68,
296,103.10,103.14,19.60,19.62,277.26,277.32,557.14,557.38,
297,103.13,103.17,19.69,19.71,278.07,278.13,558.46,558.70,
298,103.26,103.30,19.69,19.71,278.83,278.89,558.81,559.05,
299,103.72,103.76,19.67,19.69,279.34,279.40,561.48,561.72,
300,103.09,103.13,19.51,19.53,278.74,278.80,559.95,560.19,
301,103.21,103.25,19.65,19.67,277.47,277.53,558.74,558.98,
302,103.73,103.77,19.72,19.74,279.16,279.22,562.81,563.05,
303,103.22,103.26,19.90,19.92,277.54,277.60,561.30,561.54,
304,103.24,103.28,19.86,19.88,275.38,275.44,557.01,557.25,
305,102.93,102.97,19.79,19.81,274.25,274.31,555.50,555.74,
306,102.95,102.99,19.77,19.79,275.50,275.56,558.52,558.76,
307,102.37,102.41,19.73,19.75,275.22,275.28,556.62,556.86,
308,102.15,102.19,19.70,19.72,274.00,274.06,554.47,554.71,
309,102.22,102.26,19.73,19.75,272.68,272.74,554.91,555.15,
310,101.73,101.77,19.74,19.76,272.01,272.07,553.45,553.69,
311,101.82,101.86,19.82,19.84,270.28,270.34,552.03,552.27,
312,102.47,102.51,19.81,19.83,270.40,270.46,552.88,553.12,
313,102.03,102.07,19.75,19.77,270.49,270.55,551.39,551.63,
314,101.72,101.76,19.79,19.81,271.07,271.13,552.07,552.31,
315,101.75,101.79,19.62,19.64,269.69,269.75,550.86,551.10,
316,101.77,101.81,19.65,19.67,269.15,269.21,550.09,550.33,
317,101.85,101.89,19.69,19.71,270.92,270.98,551.79,552.03,
318,101.90,101.94,19.71,19.73,273.69,273.75,555.14,555.38,
319,102.58,102.62,19.64,19.66,270.88,270.94,552.05,552.29,
320,101.75,101.79,19.66,19.68,273.49,273.55,554.44,554.68,
321,101.80,101.84,19.60,19.62,271.47,271.53,551.16,551.40,
322,101.51,101.55,19.59,19.61,271.62,271.68,550.78,551.02,
323,101.29,101.33,19.65,19.67,274.84,274.90,553.41,553.65,
324,101.41,101.45,19.77,19.79,273.67,273.73,552.49,552.73,
325,101.74,101.78,19.63,19.65,273.22,273.28,551.22,551.46,
326,102.17,102.21,19.57,19.59,270.81,270.87,549.94,550.18,
327,102.29,102.33,19.66,19.68,269.87,269.93,550.27,550.51,
328,102.20,102.24,19.69,19.71,270.40,270.46,550.78,551.02,
329,102.42,102.46,19.68,19.70,271.05,271.11,552.44,552.68,
330,102.24,102.28,19.74,19.76,270.95,271.01,552.46,552.70,
331,101.92,101.96,19.69,19.71,270.47,270.53,550.58,550.82,
332,101.95,101.99,19.72,19.74,272.88,272.94,553.58,553.82,
333,102.09,102.13,19.72,19.74,272.99,273.05,553.65,553.89,
334,102.22,102.26,19.74,19.76,271.01,271.07,551.34,551.58,
335,102.18,102.22,19.65,19.67,273.76,273.82,553.80,554.04,
336,102.36,102.40,19.65,19.67,273.22,273.28,554.40,554.64,
337,102.72,102.76,19.66,19.68,275.37,275.43,557.26,557.50,
338,102.89,102.93,19.65,19.67,275.98,276.04,559.03,559.27,
339,103.27,103.31,19.63,19.65,275.00,275.06,558.91,559.15,
340,103.42,103.46,19.65,19.67,274.04,274.10,559.93,560.17,
341,103.37,103.41,19.62,19.64,273.54,273.60,559.27,559.51,
342,102.99,103.03,19.55,19.57,273.58,273.64,557.45,557.69,
343,102.93,102.97,19.62,19.64,275.75,275.81,558.89,559.13,
344,103.36,103.40,19.61,19.63,274.31,274.37,558.18,558.42,
345,103.34,103.38,19.58,19.60,274.62,274.68,558.56,558.80,
346,103.38,103.42,19.63,19.65,273.49,273.55,557.30,557.54,
347,103.20,103.24,19.73,19.75,275.40,275.46,559.31,559.55,
348,103.00,103.04,19.72,19.74,274.94,275.00,557.69,557.93,
349,102.49,102.53,19.69,19.71,274.92,274.98,556.67,556.91,
350,103.41,103.45,19.79,19.81,276.19,276.25,560.11,560.35,
351,103.67,103.71,19.73,19.75,276.65,276.71,561.70,561.94,
352,104.16,104.20,19.68,19.70,278.77,278.83,566.31,566.55,
353,104.03,104.07,19.62,19.64,277.59,277.65,564.44,564.68,
354,104.01,104.05,19.63,19.65,278.29,278.35,565.96,566.20,
355,103.57,103.61,19.62,19.64,279.08,279.14,565.82,566.06,
356,103.95,103.99,19.66,19.68,279.62,279.68,566.70,566.94,
357,104.17,104.21,19.59,19.61,279.58,279.64,566.12,566.36,
358,104.28,104.32,19.52,19.54,280.47,280.53,566.31,566.55,
359,104.14,104.18,19.48,19.50,280.42,280.48,565.36,565.60,
360,104.13,104.17,19.61,19.63,279.12,279.18,564.91,565.15,
361,103.71,103.75,19.59,19.61,278.93,278.99,563.74,563.98,
362,104.05,104.09,19.62,19.64,282.52,282.58,568.66,568.90,
363,104.67,104.71,19.58,19.60,281.90,281.96,569.45,569.69,
364,104.73,104.77,19.60,19.62,282.94,283.00,570.99,571.23,
365,103.85,103.89,19.67,19.69,283.79,283.85,569.55,569.79,
366,104.15,104.19,19.63,19.65,285.56,285.62,572.43,572.67,
367,104.19,104.23,19.70,19.72,288.00,288.06,576.86,577.10,
368,103.64,103.68,19.66,19.68,288.96,289.02,574.23,574.47,
369,103.41,103.45,19.68,19.70,288.44,288.50,572.85,573.09,
370,103.42,103.46,19.75,19.77,288.78,288.84,574.00,574.24,
371,103.89,103.93,19.79,19.81,286.96,287.02,572.30,572.54,
372,104.14,104.18,19.71,19.73,287.02,287.08,572.01,572.25,
373,104.47,104.51,19.76,19.78,287.06,287.12,572.80,573.04,
374,104.46,104.50,19.71,19.73,287.49,287.55,573.37,573.61,
375,104.22,104.26,19.67,19.69,284.45,284.51,570.52,570.76,
376,104.03,104.07,19.64,19.66,285.38,285.44,569.41,569.65,
377,103.82,103.86,19.65,19.67,285.32,285.38,568.19,568.43,
378,104.38,104.42,19.71,19.73,281.44,281.50,565.22,565.46,
379,104.41,104.45,19.74,19.76,283.12,283.18,566.88,567.12,
380,104.27,104.31,19.77,19.79,284.78,284.84,568.06,568.30,
381,104.43,104.47,19.68,19.70,284.83,284.89,569.25,569.49,
382,104.36,104.40,19.67,19.69,286.79,286.85,571.47,571.71,
383,104.68,104.72,19.70,19.72,287.87,287.93,573.13,573.37,
384,104.99,105.03,19.75,19.77,289.38,289.44,575.59,575.83,
385,104.92,104.96,19.73,19.75,289.38,289.44,576.37,576.61,
386,105.16,105.20,19.65,19.67,289.18,289.24,576.24,576.48,
387,105.65,105.69,19.70,19.72,289.91,289.97,578.64,578.88,
388,106.15,106.19,19.72,19.74,289.25,289.31,578.32,578.56,
389,106.06,106.10,19.64,19.66,289.96,290.02,578.85,579.09,
390,106.08,106.12,19.61,19.63,288.62,288.68,578.13,578.37,
391,105.63,105.67,19.60,19.62,288.24,288.30,576.12,576.36,
392,105.57,105.61,19.59,19.61,286.53,286.59,573.37,573.61,
393,106.07,106.11,19.53,19.55,286.69,286.75,574.37,574.61,
394,106.26,106.30,19.56,19.58,285.78,285.84,572.99,573.23,
395,106.57,106.61,19.61,19.63,286.30,286.36,574.69,574.93,
396,107.12,107.16,19.66,19.68,287.74,287.80,577.69,577.93,
397,106.75,106.79,19.65,19.67,287.10,287.16,575.74,575.98,
398,106.61,106.65,19.71,19.73,287.98,288.04,576.13,576.37,
399,106.65,106.69,19.62,19.64,286.20,286.26,573.01,573.25,
400,106.46,106.50,19.63,19.65,285.47,285.53,571.30,571.54,
401,106.15,106.19,19.61,19.63,284.63,284.69,569.81,570.05,
402,105.66,105.70,19.59,19.61,283.04,283.10,567.08,567.32,
403,105.45,105.49,19.56,19.58,283.19,283.25,567.33,567.57,
404,105.63,105.67,19.59,19.61,284.17,284.23,569.71,569.95,
405,105.64,105.68,19.57,19.59,282.93,282.99,568.95,569.19,
406,104.90,104.94,19.56,19.58,283.74,283.80,567.39,567.63,
407,105.44,105.48,19.66,19.68,283.95,284.01,569.33,569.57,
408,105.17,105.21,19.60,19.62,285.50,285.56,570.94,571.18,
409,105.29,105.33,19.61,19.63,285.27,285.33,571.28,571.52,
410,105.62,105.66,19.64,19.66,287.36,287.42,574.58,574.82,
411,105.94,105.98,19.63,19.65,289.70,289.76,576.24,576.48,
412,105.54,105.58,19.66,19.68,285.97,286.03,572.68,572.92,
413,105.05,105.09,19.68,19.70,285.15,285.21,570.70,570.94,
414,104.98,105.02,19.65,19.67,284.89,284.95,569.68,569.92,
415,105.44,105.48,19.69,19.71,283.69,283.75,570.02,570.26,
416,105.68,105.72,19.71,19.73,283.90,283.96,570.78,571.02,
417,105.15,105.19,19.75,19.77,281.91,281.97,567.56,567.80,
418,105.03,105.07,19.76,19.78,280.54,280.60,567.31,567.55,
419,104.88,104.92,19.72,19.74,280.22,280.28,566.08,566.32,
420,104.92,104.96,19.73,19.75,282.21,282.27,569.19,569.43,
421,104.08,104.12,19.80,19.82,282.53,282.59,568.14,568.38,
422,103.46,103.50,19.87,19.89,283.33,283.39,567.30,567.54,
423,104.15,104.19,19.76,19.78,283.81,283.87,569.70,569.94,
424,104.20,104.24,19.72,19.74,283.75,283.81,569.56,569.80,
425,104.25,104.29,19.75,19.77,283.66,283.72,570.07,570.31,
426,104.57,104.61,19.87,19.89,285.67,285.73,572.60,572.84,
427,104.51,104.55,19.97,19.99,286.86,286.92,573.33,573.57,
428,103.92,103.96,20.06,20.08,289.42,289.48,574.75,574.99,
429,103.58,103.62,20.03,20.05,288.22,288.28,573.37,573.61,
430,104.50,104.54,20.05,20.07,287.33,287.39,574.76,575.00,
431,104.99,105.03,20.00,20.02,284.49,284.55,572.07,572.31,
432,105.26,105.30,20.00,20.02,285.43,285.49,573.29,573.53,
433,105.53,105.57,20.02,20.04,286.26,286.32,574.52,574.76,
434,105.98,106.02,20.01,20.03,281.53,281.59,570.71,570.95,
435,106.05,106.09,19.97,19.99,283.66,283.72,572.62,572.86,
436,105.63,105.67,19.92,19.94,286.98,287.04,575.30,575.54,
437,105.81,105.85,19.94,19.96,285.45,285.51,574.74,574.98,
438,105.48,105.52,19.95,19.97,285.00,285.06,571.86,572.10,
439,106.42,106.46,19.91,19.93,282.86,282.92,571.49,571.73,
440,106.73,106.77,19.83,19.85,280.06,280.12,571.61,571.85,
441,106.35,106.39,19.78,19.80,282.00,282.06,573.39,573.63,
442,106.59,106.63,19.74,19.76,283.27,283.33,574.39,574.63,
443,106.92,106.96,19.75,19.77,285.57,285.63,576.31,576.55,
444,106.48,106.52,19.67,19.69,285.23,285.29,574.71,574.95,
445,106.02,106.06,19.62,19.64,288.68,288.74,577.50,577.74,
446,106.34,106.38,19.63,19.65,287.47,287.53,576.67,576.91,
447,105.92,105.96,19.63,19.65,289.37,289.43,578.08,578.32,
448,105.51,105.55,19.71,19.73,290.39,290.45,578.69,578.93,
449,105.64,105.68,19.66,19.68,290.41,290.47,579.49,579.73,
450,105.68,105.72,19.70,19.72,289.87,289.93,581.42,581.66,
451,106.12,106.16,19.64,19.66,288.20,288.26,580.66,580.90,
452,106.18,106.22,19.70,19.72,290.41,290.47,583.72,583.96,
453,105.89,105.93,19.64,19.66,289.46,289.52,581.99,582.23,
454,105.82,105.86,19.63,19.65,288.69,288.75,581.44,581.68,
455,105.69,105.73,19.68,19.70,288.93,288.99,580.15,580.39,
456,105.70,105.74,19.76,19.78,290.85,290.91,583.40,583.64,
457,106.27,106.31,19.77,19.79,289.22,289.28,582.21,582.45,
458,106.37,106.41,19.74,19.76,289.06,289.12,582.50,582.74,
459,106.58,106.62,19.76,19.78,288.85,288.91,582.89,583.13,
460,106.85,106.89,19.72,19.74,288.45,288.51,583.01,583.25,
461,106.47,106.51,19.82,19.84,286.25,286.31,580.43,580.67,
462,106.20,106.24,19.88,19.90,286.05,286.11,580.25,580.49,
463,106.81,106.85,19.83,19.85,284.79,284.85,580.67,580.91,
464,106.14,106.18,19.82,19.84,283.53,283.59,578.43,578.67,
465,105.70,105.74,19.74,19.76,287.23,287.29,579.06,579.30,
466,105.83,105.87,19.73,19.75,285.02,285.08,576.84,577.08,
467,105.34,105.38,19.70,19.72,285.56,285.62,575.00,575.24,
468,105.82,105.86,19.72,19.74,286.06,286.12,576.89,577.13,
469,105.22,105.26,19.75,19.77,286.48,286.54,576.22,576.46,
470,104.80,104.84,19.75,19.77,286.65,286.71,576.01,576.25,
471,105.16,105.20,19.74,19.76,287.47,287.53,576.66,576.90,
472,106.12,106.16,19.81,19.83,290.50,290.56,580.05,580.29,
473,105.99,106.03,19.76,19.78,292.76,292.82,582.29,582.53,
474,106.09,106.13,19.73,19.75,292.47,292.53,581.80,582.04,
475,106.06,106.10,19.67,19.69,291.89,291.95,579.65,579.89,
476,106.60,106.64,19.72,19.74,290.37,290.43,579.56,579.80,
477,105.26,105.30,19.73,19.75,291.35,291.41,579.13,579.37,
478,105.55,105.59,19.72,19.74,292.18,292.24,580.73,580.97,
479,105.43,105.47,19.73,19.75,292.40,292.46,580.83,581.07,
480,105.24,105.28,19.79,19.81,296.57,296.63,584.96,585.20,
481,105.96,106.00,19.80,19.82,294.90,294.96,585.69,585.93,
482,106.01,106.05,19.82,19.84,293.57,293.63,584.86,585.10,
483,104.61,104.65,19.86,19.88,295.62,295.68,584.99,585.23,
484,104.51,104.55,19.84,19.86,294.46,294.52,584.75,584.99,
485,105.22,105.26,19.78,19.80,292.32,292.38,583.91,584.15,
486,105.39,105.43,19.77,19.79,294.36,294.42,584.18,584.42,
487,105.29,105.33,19.74,19.76,294.07,294.13,583.06,583.30,
488,105.25,105.29,19.77,19.79,295.74,295.80,582.23,582.47,
489,106.03,106.07,19.77,19.79,293.85,293.91,581.86,582.10,
490,106.68,106.72,19.74,19.76,293.12,293.18,583.69,583.93,
491,106.13,106.17,19.61,19.63,293.18,293.24,580.94,581.18,
492,106.06,106.10,19.66,19.68,293.92,293.98,584.00,584.24,
493,105.79,105.83,19.74,19.76,295.75,295.81,584.69,584.93,
494,105.34,105.38,19.72,19.74,296.40,296.46,585.32,585.56,
495,105.23,105.27,19.63,19.65,296.70,296.76,585.96,586.20,
496,104.74,104.78,19.72,19.74,299.22,299.28,588.42,588.66,
497,105.17,105.21,19.67,19.69,299.70,299.76,590.53,590.77,
498,104.86,104.90,19.79,19.81,298.47,298.53,588.26,588.50,
499,104.36,104.40,19.81,19.83,294.32,294.38,582.32,582.56,
500,104.55,104.59,19.83,19.85,296.08,296.14,584.17,584.41,
501,104.44,104.48,19.72,19.74,297.22,297.28,585.49,585.73,
502,104.39,104.43,19.66,19.68,294.25,294.31,582.40,582.64,
503,104.98,105.02,19.72,19.74,291.46,291.52,581.33,581.57,
504,105.10,105.14,19.64,19.66,292.21,292.27,581.63,581.87,
505,106.04,106.08,19.54,19.56,289.85,289.91,579.89,580.13,
506,106.01,106.05,19.52,19.54,287.56,287.62,576.71,576.95,
507,105.15,105.19,19.55,19.57,290.78,290.84,578.44,578.68,
508,105.88,105.92,19.51,19.53,288.99,289.05,577.70,577.94,
509,106.12,106.16,19.49,19.51,288.79,288.85,578.83,579.07,
510,105.74,105.78,19.47,19.49,284.76,284.82,574.48,574.72,
511,105.12,105.16,19.46,19.48,287.75,287.81,577.23,577.47,
512,104.75,104.79,19.50,19.52,286.07,286.13,574.27,574.51,
513,103.68,103.72,19.55,19.57,286.00,286.06,572.98,573.22,
514,103.36,103.40,19.52,19.54,286.16,286.22,571.38,571.62,
515,102.73,102.77,19.60,19.62,286.66,286.72,571.76,572.00,
516,103.18,103.22,19.63,19.65,285.17,285.23,571.34,571.58,
517,102.38,102.42,19.63,19.65,285.77,285.83,571.77,572.01,
518,103.15,103.19,19.58,19.60,283.36,283.42,570.55,570.79,
519,102.97,103.01,19.58,19.60,284.33,284.39,570.36,570.60,
520,103.36,103.40,19.63,19.65,284.40,284.46,571.77,572.01,
521,104.04,104.08,19.59,19.61,284.28,284.34,573.23,573.47,
522,103.77,103.81,19.64,19.66,285.01,285.07,573.39,573.63,
523,103.93,103.97,19.59,19.61,285.69,285.75,573.89,574.13,
524,103.77,103.81,19.53,19.55,282.96,283.02,570.68,570.92,
525,103.32,103.36,19.48,19.50,284.82,284.88,571.59,571.83,
526,103.19,103.23,19.49,19.51,283.79,283.85,571.25,571.49,
527,103.41,103.45,19.54,19.56,284.25,284.31,571.27,571.51,
528,103.30,103.34,19.52,19.54,284.52,284.58,570.36,570.60,
529,103.60,103.64,19.46,19.48,284.21,284.27,571.45,571.69,
530,103.27,103.31,19.43,19.45,283.14,283.20,569.73,569.97,
531,103.81,103.85,19.46,19.48,283.01,283.07,570.37,570.61,
532,104.07,104.11,19.53,19.55,282.82,282.88,571.43,571.67,
533,104.05,104.09,19.47,19.49,283.90,283.96,571.77,572.01,
534,104.54,104.58,19.39,19.41,282.15,282.21,570.28,570.52,
535,104.80,104.84,19.36,19.38,283.01,283.07,572.07,572.31,
536,104.34,104.38,19.29,19.31,283.79,283.85,570.40,570.64,
537,104.33,104.37,19.28,19.30,284.41,284.47,570.77,571.01,
538,104.41,104.45,19.22,19.24,280.27,280.33,567.74,567.98,
539,104.42,104.46,19.30,19.32,278.73,278.79,568.13,568.37,
540,104.13,104.17,19.21,19.23,280.53,280.59,567.21,567.45,
541,104.04,104.08,19.21,19.23,278.24,278.30,564.19,564.43,
542,104.24,104.28,19.24,19.26,278.65,278.71,565.28,565.52,
543,104.88,104.92,19.33,19.35,278.58,278.64,566.41,566.65,
544,104.88,104.92,19.38,19.40,279.66,279.72,567.67,567.91,
545,104.62,104.66,19.35,19.37,281.17,281.23,568.92,569.16,
546,104.38,104.42,19.28,19.30,281.79,281.85,567.64,567.88,
547,105.11,105.15,19.33,19.35,281.51,281.57,568.90,569.14,
548,105.20,105.24,19.43,19.45,282.93,282.99,571.36,571.60,
549,104.66,104.70,19.36,19.38,282.12,282.18,569.06,569.30,
550,104.72,104.76,19.38,19.40,281.68,281.74,569.99,570.23,
551,105.07,105.11,19.41,19.43,283.08,283.14,571.29,571.53,
552,104.64,104.68,19.40,19.42,282.70,282.76,569.53,569.77,
553,104.99,105.03,19.44,19.46,283.44,283.50,570.99,571.23,
554,104.38,104.42,19.54,19.56,279.98,280.04,566.43,566.67,
555,104.03,104.07,19.49,19.51,280.24,280.30,564.97,565.21,
556,104.25,104.29,19.46,19.48,281.60,281.66,564.85,565.09,
557,104.83,104.87,19.55,19.57,282.34,282.40,566.23,566.47,
558,104.40,104.44,19.52,19.54,278.35,278.41,561.96,562.20,
559,104.25,104.29,19.47,19.49,277.71,277.77,561.20,561.44,
560,105.20,105.24,19.60,19.62,275.80,275.86,561.80,562.04,
561,105.02,105.06,19.61,19.63,275.80,275.86,561.91,562.15,
562,104.53,104.57,19.64,19.66,277.30,277.36,563.17,563.41,
563,104.04,104.08,19.67,19.69,277.22,277.28,562.60,562.84,
564,104.61,104.65,19.60,19.62,276.58,276.64,562.42,562.66,
565,104.88,104.92,19.54,19.56,275.05,275.11,562.40,562.64,
566,104.67,104.71,19.61,19.63,274.80,274.86,561.75,561.99,
567,104.15,104.19,19.61,19.63,276.46,276.52,562.14,562.38,
568,103.84,103.88,19.68,19.70,275.79,275.85,561.56,561.80,
569,103.91,103.95,19.63,19.65,272.11,272.17,558.03,558.27,
570,104.26,104.30,19.71,19.73,274.67,274.73,562.38,562.62,
571,104.94,104.98,19.78,19.80,272.47,272.53,562.18,562.42,
572,105.39,105.43,19.76,19.78,271.33,271.39,560.70,560.94,
573,105.94,105.98,19.76,19.78,272.13,272.19,562.49,562.73,
574,106.29,106.33,19.73,19.75,271.47,271.53,561.41,561.65,
575,106.05,106.09,19.82,19.84,274.91,274.97,565.09,565.33,
576,105.70,105.74,19.76,19.78,272.23,272.29,561.03,561.27,
577,105.69,105.73,19.88,19.90,270.19,270.25,559.32,559.56,
578,105.55,105.59,19.80,19.82,268.58,268.64,557.35,557.59,
579,106.04,106.08,19.80,19.82,266.11,266.17,556.51,556.75,
580,105.93,105.97,19.81,19.83,266.32,266.38,556.22,556.46,
581,106.52,106.56,19.88,19.90,264.98,265.04,556.55,556.79,
582,106.49,106.53,19.96,19.98,267.39,267.45,558.62,558.86,
583,106.47,106.51,19.89,19.91,266.42,266.48,557.22,557.46,
584,106.28,106.32,19.79,19.81,264.40,264.46,556.67,556.91,
585,105.95,105.99,19.70,19.72,265.13,265.19,556.78,557.02,
586,106.03,106.07,19.65,19.67,262.92,262.98,554.27,554.51,
587,105.92,105.96,19.60,19.62,258.71,258.77,550.90,551.14,
588,105.62,105.66,19.65,19.67,257.59,257.65,549.49,549.73,
589,105.56,105.60,19.78,19.80,259.33,259.39,551.10,551.34,
590,104.76,104.80,19.77,19.79,260.93,260.99,551.05,551.29,
591,104.91,104.95,19.76,19.78,260.73,260.79,552.42,552.66,
592,104.32,104.36,19.73,19.75,260.72,260.78,550.04,550.28,
593,104.29,104.33,19.75,19.77,261.56,261.62,549.98,550.22,
594,104.18,104.22,19.69,19.71,259.61,259.67,546.26,546.50,
595,104.20,104.24,19.76,19.78,260.89,260.95,548.38,548.62,
596,104.49,104.53,19.84,19.86,260.02,260.08,548.59,548.83,
597,105.42,105.46,19.87,19.89,259.20,259.26,549.54,549.78,
598,105.61,105.65,19.91,19.93,259.37,259.43,550.38,550.62,
599,105.98,106.02,19.81,19.83,261.35,261.41,553.00,553.24,
600,105.41,105.45,19.89,19.91,264.05,264.11,554.47,554.71,
601,105.41,105.45,19.99,20.01,263.79,263.85,554.75,554.99,
602,105.67,105.71,19.95,19.97,265.56,265.62,556.53,556.77,
603,105.81,105.85,20.05,20.07,268.58,268.64,560.17,560.41,
604,105.06,105.10,20.00,20.02,266.90,266.96,556.33,556.57,
605,104.45,104.49,20.02,20.04,269.33,269.39,556.85,557.09,
606,103.64,103.68,20.11,20.13,269.01,269.07,555.56,555.80,
607,103.82,103.86,20.09,20.11,264.43,264.49,550.67,550.91,
608,104.05,104.09,20.14,20.16,269.12,269.18,555.90,556.14,
609,104.32,104.36,20.10,20.12,271.30,271.36,558.66,558.90,
610,104.39,104.43,20.07,20.09,274.01,274.07,562.29,562.53,
611,103.71,103.75,19.98,20.00,272.12,272.18,558.84,559.08,
612,103.89,103.93,19.93,19.95,269.62,269.68,555.83,556.07,
613,103.74,103.78,20.01,20.03,272.09,272.15,559.25,559.49,
614,104.06,104.10,19.96,19.98,271.05,271.11,558.45,558.69,
615,104.60,104.64,20.02,20.04,264.08,264.14,551.65,551.89,
616,104.30,104.34,20.04,20.06,264.71,264.77,552.97,553.21,
617,104.64,104.68,20.00,20.02,262.29,262.35,551.79,552.03,
618,104.77,104.81,20.07,20.09,262.56,262.62,552.71,552.95,
619,105.40,105.44,20.08,20.10,260.54,260.60,552.95,553.19,
620,105.53,105.57,20.09,20.11,262.72,262.78,555.74,555.98,
621,105.79,105.83,20.21,20.23,262.85,262.91,557.46,557.70,
622,105.89,105.93,20.18,20.20,263.72,263.78,558.00,558.24,
623,107.19,107.23,20.21,20.23,262.99,263.05,561.42,561.66,
624,106.48,106.52,20.20,20.22,263.55,263.61,560.76,561.00,
625,106.50,106.54,20.23,20.25,261.86,261.92,558.63,558.87,
626,106.78,106.82,20.27,20.29,265.36,265.42,563.11,563.35,
627,107.59,107.63,20.17,20.19,265.33,265.39,564.61,564.85,
628,106.89,106.93,20.21,20.23,265.37,265.43,561.48,561.72,
629,106.79,106.83,20.10,20.12,267.03,267.09,562.96,563.20,
630,107.70,107.74,20.10,20.12,265.87,265.93,563.69,563.93,
631,107.70,107.74,20.02,20.04,267.07,267.13,566.09,566.33,
632,108.20,108.24,20.01,20.03,266.04,266.10,567.95,568.19,
633,108.90,108.94,20.03,20.05,267.90,267.96,570.90,571.14,
634,108.67,108.71,20.03,20.05,267.97,268.03,569.03,569.27,
635,107.75,107.79,20.02,20.04,269.37,269.43,567.47,567.71,
636,107.69,107.73,19.91,19.93,267.85,267.91,565.11,565.35,
637,107.66,107.70,19.78,19.80,266.76,266.82,562.98,563.22,
638,106.84,106.88,19.80,19.82,264.92,264.98,559.73,559.97,
639,106.38,106.42,19.85,19.87,265.86,265.92,560.34,560.58,
640,106.96,107.00,19.93,19.95,267.12,267.18,564.70,564.94,
641,106.52,106.56,20.00,20.02,268.13,268.19,565.50,565.74,
642,108.19,108.23,20.10,20.12,272.60,272.66,571.79,572.03,
643,108.80,108.84,20.28,20.30,271.88,271.94,571.96,572.20,
644,108.98,109.02,20.21,20.23,271.85,271.91,572.22,572.46,
645,109.04,109.08,20.20,20.22,270.57,270.63,570.61,570.85,
646,109.05,109.09,20.14,20.16,269.11,269.17,567.23,567.47,
647,108.17,108.21,20.13,20.15,269.96,270.02,565.65,565.89,
648,109.17,109.21,20.10,20.12,269.95,270.01,566.90,567.14,
649,109.10,109.14,20.11,20.13,268.23,268.29,565.93,566.17,
650,109.10,109.14,20.09,20.11,266.25,266.31,564.24,564.48,
651,109.42,109.46,20.04,20.06,264.85,264.91,563.77,564.01,
652,109.47,109.51,20.06,20.08,262.85,262.91,562.61,562.85,
653,109.54,109.58,20.05,20.07,260.76,260.82,561.74,561.98,
654,109.53,109.57,20.10,20.12,259.79,259.85,561.07,561.31,
655,109.23,109.27,20.11,20.13,259.56,259.62,560.05,560.29,
656,108.87,108.91,20.13,20.15,258.95,259.01,556.43,556.67,
657,108.25,108.29,20.01,20.03,259.19,259.25,554.38,554.62,
658,108.16,108.20,20.06,20.08,261.88,261.94,556.88,557.12,
659,107.38,107.42,20.06,20.08,260.41,260.47,552.30,552.54,
660,107.60,107.64,20.11,20.13,260.16,260.22,552.64,552.88,
661,106.50,106.54,20.24,20.26,258.04,258.10,549.00,549.24,
662,105.72,105.76,20.14,20.16,258.28,258.34,546.72,546.96,
663,104.95,104.99,20.11,20.13,258.50,258.56,546.27,546.51,
664,104.33,104.37,20.16,20.18,259.24,259.30,546.11,546.35,
665,104.26,104.30,20.20,20.22,259.00,259.06,546.75,546.99,
666,104.63,104.67,20.17,20.19,255.89,255.95,543.18,543.42,
667,104.50,104.54,20.12,20.14,254.42,254.48,540.01,540.25,
668,104.69,104.73,20.12,20.14,254.24,254.30,539.69,539.93,
669,104.34,104.38,20.16,20.18,254.12,254.18,539.25,539.49,
670,104.47,104.51,20.19,20.21,258.51,258.57,542.90,543.14,
671,104.57,104.61,20.14,20.16,255.34,255.40,539.54,539.78,
672,104.97,105.01,20.21,20.23,254.43,254.49,539.77,540.01,
673,104.89,104.93,20.16,20.18,251.97,252.03,537.87,538.11,
674,104.58,104.62,20.11,20.13,251.94,252.00,537.80,538.04,
675,104.70,104.74,20.15,20.17,251.15,251.21,537.20,537.44,
676,104.96,105.00,20.19,20.21,252.39,252.45,539.58,539.82,
677,104.49,104.53,19.99,20.01,252.17,252.23,537.97,538.21,
678,104.12,104.16,20.02,20.04,252.43,252.49,538.23,538.47,
679,104.37,104.41,19.97,19.99,248.66,248.72,534.43,534.67,
680,105.41,105.45,20.02,20.04,250.77,250.83,537.38,537.62,
681,105.08,105.12,20.01,20.03,250.36,250.42,536.46,536.70,
682,104.27,104.31,19.98,20.00,247.96,248.02,532.49,532.73,
683,103.03,103.07,20.10,20.12,244.85,244.91,527.51,527.75,
684,102.88,102.92,20.12,20.14,244.21,244.27,527.23,527.47,
685,102.70,102.74,20.14,20.16,241.65,241.71,523.97,524.21,
686,102.56,102.60,20.18,20.20,241.68,241.74,525.99,526.23,
687,103.41,103.45,20.22,20.24,241.36,241.42,527.80,528.04,
688,102.51,102.55,20.28,20.30,240.69,240.75,526.00,526.24,
689,101.77,101.81,20.32,20.34,242.52,242.58,526.37,526.61,
690,101.47,101.51,20.37,20.39,244.45,244.51,527.57,527.81,
691,101.20,101.24,20.42,20.44,242.04,242.10,525.31,525.55,
692,100.56,100.60,20.35,20.37,243.66,243.72,525.59,525.83,
693,100.43,100.47,20.26,20.28,244.04,244.10,525.42,525.66,
694,100.21,100.25,20.22,20.24,246.84,246.90,527.62,527.86,
695,99.80,99.84,20.27,20.29,246.30,246.36,524.93,525.17,
696,99.58,99.62,20.19,20.21,246.92,246.98,524.20,524.44,
697,99.08,99.12,20.28,20.30,247.73,247.79,522.29,522.53,
698,98.76,98.80,20.32,20.34,251.14,251.20,526.30,526.54,
699,98.69,98.73,20.43,20.45,250.27,250.33,528.10,528.34,
700,98.92,98.96,20.33,20.35,249.37,249.43,527.58,527.82,
701,98.67,98.71,20.30,20.32,248.17,248.23,526.89,527.13,
702,99.08,99.12,20.21,20.23,248.55,248.61,527.82,528.06,
703,99.58,99.62,20.23,20.25,246.21,246.27,526.58,526.82,
704,99.13,99.17,20.25,20.27,249.03,249.09,528.60,528.84,
705,99.77,99.81,20.29,20.31,249.94,250.00,531.58,531.82,
706,99.56,99.60,20.30,20.32,248.18,248.24,529.39,529.63,
707,99.17,99.21,20.31,20.33,248.45,248.51,528.70,528.94,
708,98.71,98.75,20.31,20.33,250.76,250.82,529.26,529.50,
709,98.45,98.49,20.34,20.36,249.30,249.36,526.81,527.05,
710,97.96,98.00,20.24,20.26,250.14,250.20,526.21,526.45,
711,97.69,97.73,20.21,20.23,250.43,250.49,525.06,525.30,
712,97.00,97.04,20.15,20.17,250.57,250.63,523.47,523.71,
713,96.95,96.99,20.26,20.28,251.31,251.37,524.90,525.14,
714,97.62,97.66,20.32,20.34,248.05,248.11,524.95,525.19,
715,98.14,98.18,20.28,20.30,248.65,248.71,525.65,525.89,
716,98.11,98.15,20.17,20.19,248.24,248.30,526.48,526.72,
717,98.01,98.05,20.24,20.26,249.58,249.64,528.30,528.54,
718,97.27,97.31,20.40,20.42,250.21,250.27,527.70,527.94,
719,97.48,97.52,20.33,20.35,250.56,250.62,527.82,528.06,
720,97.14,97.18,20.27,20.29,248.95,249.01,524.95,525.19,
721,96.69,96.73,20.27,20.29,249.56,249.62,525.20,525.44,
722,97.04,97.08,20.30,20.32,249.78,249.84,527.22,527.46,
723,97.81,97.85,20.31,20.33,248.20,248.26,527.53,527.77,
724,97.57,97.61,20.27,20.29,248.10,248.16,526.99,527.23,
725,98.16,98.20,20.24,20.26,248.41,248.47,528.83,529.07,
726,97.55,97.59,20.26,20.28,247.09,247.15,526.22,526.46,
727,97.53,97.57,20.20,20.22,245.38,245.44,525.02,525.26,
728,97.43,97.47,20.27,20.29,245.50,245.56,523.89,524.13,
729,97.31,97.35,20.24,20.26,244.23,244.29,522.62,522.86,
730,97.62,97.66,20.17,20.19,248.13,248.19,527.99,528.23,
731,97.78,97.82,20.17,20.19,251.73,251.79,532.23,532.47,
732,98.00,98.04,20.13,20.15,250.00,250.06,530.12,530.36,
733,98.16,98.20,20.11,20.13,252.40,252.46,532.47,532.71,
734,98.29,98.33,20.12,20.14,250.57,250.63,530.22,530.46,
735,98.60,98.64,20.13,20.15,252.28,252.34,533.33,533.57,
736,98.21,98.25,20.20,20.22,250.42,250.48,531.06,531.30,
737,98.56,98.60,20.31,20.33,247.59,247.65,528.92,529.16,
738,99.55,99.59,20.37,20.39,244.77,244.83,530.15,530.39,
739,99.47,99.51,20.39,20.41,242.48,242.54,527.32,527.56,
740,99.36,99.40,20.34,20.36,245.00,245.06,529.60,529.84,
741,98.28,98.32,20.38,20.40,245.61,245.67,527.54,527.78,
742,98.61,98.65,20.37,20.39,245.26,245.32,527.24,527.48,
743,98.33,98.37,20.46,20.48,244.06,244.12,524.63,524.87,
744,98.45,98.49,20.44,20.46,243.32,243.38,525.01,525.25,
745,97.88,97.92,20.35,20.37,243.47,243.53,523.17,523.41,
746,99.01,99.05,20.38,20.40,243.73,243.79,524.71,524.95,
747,98.62,98.66,20.31,20.33,242.65,242.71,522.97,523.21,
748,98.86,98.90,20.27,20.29,241.24,241.30,520.67,520.91,
749,98.70,98.74,20.19,20.21,242.49,242.55,520.99,521.23,
750,99.42,99.46,20.24,20.26,243.23,243.29,523.08,523.32,
751,98.58,98.62,20.15,20.17,241.82,241.88,519.34,519.58,
752,97.84,97.88,20.23,20.25,242.32,242.38,519.45,519.69,
753,98.18,98.22,20.25,20.27,244.16,244.22,521.42,521.66,
754,98.08,98.12,20.26,20.28,244.35,244.41,521.44,521.68,
755,97.56,97.60,20.19,20.21,244.99,245.05,519.77,520.01,
756,97.17,97.21,20.20,20.22,245.28,245.34,518.56,518.80,
757,97.13,97.17,20.12,20.14,243.43,243.49,517.12,517.36,
758,97.10,97.14,20.16,20.18,245.05,245.11,518.56,518.80,
759,97.68,97.72,20.21,20.23,245.93,245.99,520.39,520.63,
760,97.62,97.66,20.27,20.29,246.18,246.24,520.81,521.05,
761,97.67,97.71,20.33,20.35,245.18,245.24,519.56,519.80,
762,97.79,97.83,20.35,20.37,244.75,244.81,519.00,519.24,
763,97.61,97.65,20.36,20.38,242.59,242.65,516.29,516.53,
764,97.85,97.89,20.34,20.36,242.72,242.78,516.68,516.92,
765,97.33,97.37,20.27,20.29,242.54,242.60,515.10,515.34,
766,97.53,97.57,20.32,20.34,242.45,242.51,516.94,517.18,
767,97.20,97.24,20.21,20.23,242.11,242.17,515.59,515.83,
768,97.51,97.55,20.20,20.22,243.02,243.08,518.69,518.93,
769,98.06,98.10,20.19,20.21,241.53,241.59,519.56,519.80,
770,97.47,97.51,20.23,20.25,240.73,240.79,518.27,518.51,
771,98.38,98.42,20.16,20.18,241.48,241.54,519.30,519.54,
772,98.80,98.84,20.19,20.21,242.35,242.41,521.85,522.09,
773,98.69,98.73,20.27,20.29,242.38,242.44,520.75,520.99,
774,97.95,97.99,20.34,20.36,244.58,244.64,522.24,522.48,
775,98.03,98.07,20.35,20.37,243.74,243.80,521.33,521.57,
776,98.27,98.31,20.34,20.36,243.66,243.72,521.13,521.37,
777,98.33,98.37,20.34,20.36,245.85,245.91,524.96,525.20,
778,98.06,98.10,20.39,20.41,248.30,248.36,528.36,528.60,
779,97.64,97.68,20.44,20.46,247.72,247.78,526.04,526.28,
780,97.58,97.62,20.44,20.46,246.93,246.99,524.34,524.58,
781,97.32,97.36,20.42,20.44,248.14,248.20,524.34,524.58,
782,97.19,97.23,20.49,20.51,250.10,250.16,527.37,527.61,
783,97.19,97.23,20.48,20.50,250.83,250.89,527.63,527.87,
784,97.43,97.47,20.38,20.40,251.26,251.32,527.22,527.46,
785,97.48,97.52,20.30,20.32,253.30,253.36,528.64,528.88,
786,97.90,97.94,20.25,20.27,253.40,253.46,529.14,529.38,
787,97.91,97.95,20.28,20.30,254.75,254.81,531.30,531.54,
788,98.05,98.09,20.21,20.23,253.34,253.40,531.02,531.26,
789,97.80,97.84,20.20,20.22,252.31,252.37,529.37,529.61,
790,97.99,98.03,20.24,20.26,251.67,251.73,528.90,529.14,
791,97.66,97.70,20.34,20.36,249.65,249.71,527.78,528.02,
792,97.53,97.57,20.33,20.35,251.44,251.50,529.33,529.57,
793,97.84,97.88,20.36,20.38,249.78,249.84,529.17,529.41,
794,98.49,98.53,20.36,20.38,247.57,247.63,529.43,529.67,
795,98.36,98.40,20.44,20.46,248.56,248.62,530.74,530.98,
796,98.41,98.45,20.47,20.49,250.05,250.11,532.66,532.90,
797,98.65,98.69,20.51,20.53,249.30,249.36,532.71,532.95,
798,98.46,98.50,20.44,20.46,249.17,249.23,530.81,531.05,
799,99.00,99.04,20.36,20.38,248.70,248.76,530.46,530.70,
800,98.74,98.78,20.36,20.38,250.09,250.15,530.59,530.83,
801,98.28,98.32,20.37,20.39,246.86,246.92,527.10,527.34,
802,97.44,97.48,20.31,20.33,249.35,249.41,527.85,528.09,
803,97.25,97.29,20.30,20.32,250.84,250.90,529.26,529.50,
804,97.11,97.15,20.27,20.29,251.70,251.76,528.85,529.09,
805,97.15,97.19,20.18,20.20,249.90,249.96,527.52,527.76,
806,97.26,97.30,20.11,20.13,250.90,250.96,528.63,528.87,
807,97.17,97.21,20.19,20.21,252.25,252.31,529.15,529.39,
808,97.55,97.59,20.18,20.20,253.72,253.78,531.40,531.64,
809,97.21,97.25,20.16,20.18,253.21,253.27,530.02,530.26,
810,96.98,97.02,20.17,20.19,253.78,253.84,530.78,531.02,
811,96.58,96.62,20.05,20.07,253.66,253.72,529.27,529.51,
812,97.34,97.38,20.10,20.12,255.42,255.48,533.53,533.77,
813,97.43,97.47,20.06,20.08,255.77,255.83,533.56,533.80,
814,96.65,96.69,20.12,20.14,256.07,256.13,532.43,532.67,
815,96.29,96.33,20.18,20.20,254.20,254.26,531.33,531.57,
816,96.50,96.54,20.18,20.20,255.05,255.11,533.23,533.47,
817,96.89,96.93,20.16,20.18,259.52,259.58,537.88,538.12,
818,97.27,97.31,20.21,20.23,259.94,260.00,541.44,541.68,
819,97.63,97.67,20.16,20.18,261.08,261.14,544.10,544.34,
820,97.41,97.45,20.13,20.15,261.10,261.16,542.98,543.22,
821,96.85,96.89,20.14,20.16,260.43,260.49,540.32,540.56,
822,97.05,97.09,20.10,20.12,261.00,261.06,540.41,540.65,
823,97.71,97.75,20.07,20.09,259.92,259.98,539.26,539.50,
824,97.73,97.77,20.00,20.02,259.57,259.63,537.27,537.51,
825,98.45,98.49,20.06,20.08,257.28,257.34,536.35,536.59,
826,99.09,99.13,20.03,20.05,259.73,259.79,539.68,539.92,
827,100.01,100.05,20.12,20.14,259.92,259.98,541.24,541.48,
828,100.30,100.34,20.16,20.18,260.89,260.95,541.77,542.01,
829,100.04,100.08,20.24,20.26,260.75,260.81,540.58,540.82,
830,99.93,99.97,20.27,20.29,262.14,262.20,541.67,541.91,
831,99.34,99.38,20.31,20.33,263.18,263.24,542.04,542.28,
832,98.77,98.81,20.39,20.41,261.80,261.86,539.67,539.91,
833,99.08,99.12,20.42,20.44,262.55,262.61,540.69,540.93,
834,99.56,99.60,20.47,20.49,260.56,260.62,540.83,541.07,
835,99.50,99.54,20.36,20.38,261.41,261.47,540.73,540.97,
836,99.45,99.49,20.36,20.38,259.24,259.30,538.56,538.80,
837,99.77,99.81,20.42,20.44,258.86,258.92,540.43,540.67,
838,99.26,99.30,20.41,20.43,259.73,259.79,541.95,542.19,
839,98.94,98.98,20.44,20.46,260.51,260.57,542.48,542.72,
840,98.96,99.00,20.37,20.39,260.39,260.45,541.70,541.94,
841,99.28,99.32,20.39,20.41,260.00,260.06,540.70,540.94,
842,99.74,99.78,20.33,20.35,260.08,260.14,542.40,542.64,
843,99.68,99.72,20.34,20.36,259.30,259.36,540.89,541.13,
844,99.41,99.45,20.34,20.36,260.70,260.76,542.40,542.64,
845,99.96,100.00,20.27,20.29,260.58,260.64,543.49,543.73,
846,99.49,99.53,20.31,20.33,261.60,261.66,543.44,543.68,
847,99.47,99.51,20.37,20.39,259.17,259.23,540.07,540.31,
848,100.17,100.21,20.39,20.41,258.88,258.94,541.06,541.30,
849,99.31,99.35,20.42,20.44,260.42,260.48,540.37,540.61,
850,99.55,99.59,20.45,20.47,260.17,260.23,540.44,540.68,
851,99.67,99.71,20.53,20.55,259.09,259.15,538.81,539.05,
852,100.23,100.27,20.47,20.49,259.68,259.74,540.29,540.53,
853,99.73,99.77,20.39,20.41,260.20,260.26,539.97,540.21,
854,99.41,99.45,20.45,20.47,260.57,260.63,540.83,541.07,
855,99.68,99.72,20.50,20.52,259.09,259.15,540.62,540.86,
856,99.61,99.65,20.45,20.47,256.14,256.20,538.88,539.12,
857,99.86,99.90,20.44,20.46,253.27,253.33,535.25,535.49,
858,99.85,99.89,20.40,20.42,252.29,252.35,534.20,534.44,
859,99.42,99.46,20.38,20.40,251.41,251.47,532.97,533.21,
860,99.26,99.30,20.46,20.48,252.56,252.62,534.44,534.68,
861,98.90,98.94,20.52,20.54,252.04,252.10,534.04,534.28,
862,99.61,99.65,20.47,20.49,252.78,252.84,536.02,536.26,
863,100.17,100.21,20.40,20.42,253.98,254.04,537.28,537.52,
864,100.35,100.39,20.39,20.41,252.13,252.19,535.78,536.02,
865,100.43,100.47,20.44,20.46,249.24,249.30,531.91,532.15,
866,100.73,100.77,20.50,20.52,250.13,250.19,534.33,534.57,
867,100.28,100.32,20.55,20.57,252.03,252.09,535.80,536.04,
868,101.14,101.18,20.61,20.63,252.19,252.25,539.09,539.33,
869,101.21,101.25,20.56,20.58,249.69,249.75,536.15,536.39,
870,101.22,101.26,20.57,20.59,247.68,247.74,533.39,533.63,
871,101.18,101.22,20.58,20.60,247.74,247.80,533.78,534.02,
872,101.15,101.19,20.58,20.60,246.81,246.87,533.14,533.38,
873,101.06,101.10,20.56,20.58,246.19,246.25,531.69,531.93,
874,100.88,100.92,20.62,20.64,244.69,244.75,529.59,529.83,
875,100.17,100.21,20.67,20.69,243.62,243.68,527.48,527.72,
876,100.22,100.26,20.71,20.73,245.68,245.74,529.89,530.13,
877,99.59,99.63,20.66,20.68,244.76,244.82,527.09,527.33,
878,99.64,99.68,20.77,20.79,243.81,243.87,526.41,526.65,
879,99.93,99.97,20.78,20.80,246.07,246.13,529.18,529.42,
880,99.39,99.43,20.79,20.81,247.56,247.62,530.06,530.30,
881,99.01,99.05,20.86,20.88,248.45,248.51,529.49,529.73,
882,98.96,99.00,20.83,20.85,247.07,247.13,527.90,528.14,
883,98.02,98.06,20.87,20.89,246.05,246.11,525.86,526.10,
884,98.07,98.11,20.83,20.85,247.22,247.28,526.95,527.19,
885,98.17,98.21,20.80,20.82,247.62,247.68,529.21,529.45,
886,98.27,98.31,20.88,20.90,248.75,248.81,531.07,531.31,
887,98.36,98.40,20.85,20.87,249.94,250.00,531.97,532.21,
888,98.58,98.62,20.92,20.94,250.31,250.37,533.09,533.33,
889,98.57,98.61,20.95,20.97,250.75,250.81,532.99,533.23,
890,98.97,99.01,21.06,21.08,250.85,250.91,535.15,535.39,
891,98.76,98.80,21.06,21.08,250.73,250.79,534.54,534.78,
892,98.89,98.93,21.05,21.07,250.94,251.00,533.04,533.28,
893,98.14,98.18,21.08,21.10,249.93,249.99,531.58,531.82,
894,98.25,98.29,21.04,21.06,248.91,248.97,531.84,532.08,
895,97.69,97.73,21.05,21.07,248.77,248.83,531.00,531.24,
896,97.08,97.12,21.11,21.13,248.91,248.97,529.92,530.16,
897,97.35,97.39,21.05,21.07,249.74,249.80,529.30,529.54,
898,97.39,97.43,21.10,21.12,248.93,248.99,528.68,528.92,
899,97.20,97.24,21.05,21.07,247.21,247.27,526.65,526.89,
900,97.46,97.50,21.05,21.07,247.08,247.14,527.61,527.85,
901,97.84,97.88,20.96,20.98,248.32,248.38,529.38,529.62,
902,97.62,97.66,20.85,20.87,249.09,249.15,528.89,529.13,
903,97.67,97.71,20.83,20.85,251.73,251.79,532.05,532.29,
904,97.23,97.27,20.84,20.86,252.40,252.46,532.62,532.86,
905,97.13,97.17,20.88,20.90,253.47,253.53,532.11,532.35,
906,97.11,97.15,20.78,20.80,255.43,255.49,534.36,534.60,
907,96.47,96.51,20.72,20.74,254.06,254.12,531.30,531.54,
908,96.91,96.95,20.81,20.83,251.58,251.64,529.76,530.00,
909,96.66,96.70,20.81,20.83,253.82,253.88,532.98,533.22,
910,97.03,97.07,20.84,20.86,252.45,252.51,533.61,533.85,
911,97.08,97.12,20.80,20.82,252.23,252.29,533.24,533.48,
912,97.35,97.39,20.72,20.74,251.35,251.41,532.37,532.61,
913,97.27,97.31,20.74,20.76,251.70,251.76,532.28,532.52,
914,97.70,97.74,20.70,20.72,251.39,251.45,532.94,533.18,
915,97.70,97.74,20.78,20.80,253.34,253.40,535.95,536.19,
916,97.02,97.06,20.79,20.81,252.60,252.66,533.28,533.52,
917,96.89,96.93,20.84,20.86,252.90,252.96,532.86,533.10,
918,97.25,97.29,20.97,20.99,255.82,255.88,537.42,537.66,
919,97.47,97.51,20.94,20.96,255.57,255.63,536.78,537.02,
920,98.02,98.06,20.82,20.84,256.20,256.26,537.36,537.60,
921,97.81,97.85,20.91,20.93,257.38,257.44,538.99,539.23,
922,97.49,97.53,20.92,20.94,258.71,258.77,541.15,541.39,
923,97.11,97.15,20.99,21.01,260.02,260.08,540.56,540.80,
924,96.74,96.78,21.01,21.03,261.33,261.39,543.37,543.61,
925,96.71,96.75,21.07,21.09,261.45,261.51,542.90,543.14,
926,97.28,97.32,20.98,21.00,263.05,263.11,545.41,545.65,
927,97.14,97.18,21.01,21.03,260.97,261.03,542.79,543.03,
928,97.12,97.16,21.10,21.12,263.11,263.17,544.44,544.68,
929,97.27,97.31,21.10,21.12,264.54,264.60,546.59,546.83,
930,97.28,97.32,21.07,21.09,264.08,264.14,545.13,545.37,
931,96.64,96.68,21.04,21.06,267.17,267.23,545.92,546.16,
932,97.29,97.33,21.02,21.04,266.29,266.35,545.57,545.81,
933,97.12,97.16,21.06,21.08,265.73,265.79,546.02,546.26,
934,97.15,97.19,21.00,21.02,268.57,268.63,548.73,548.97,
935,97.53,97.57,20.94,20.96,268.62,268.68,549.91,550.15,
936,97.03,97.07,20.94,20.96,267.45,267.51,547.38,547.62,
937,96.96,97.00,20.99,21.01,268.34,268.40,546.77,547.01,
938,96.75,96.79,20.96,20.98,268.02,268.08,545.31,545.55,
939,96.40,96.44,20.92,20.94,267.92,267.98,544.06,544.30,
940,96.43,96.47,20.96,20.98,270.68,270.74,547.00,547.24,
941,95.98,96.02,20.95,20.97,271.90,271.96,546.30,546.54,
942,95.76,95.80,20.93,20.95,275.36,275.42,548.25,548.49,
943,95.91,95.95,20.83,20.85,276.43,276.49,549.09,549.33,
944,95.67,95.71,20.76,20.78,276.00,276.06,548.60,548.84,
945,95.20,95.24,20.64,20.66,278.80,278.86,550.31,550.55,
946,95.15,95.19,20.50,20.52,276.61,276.67,547.42,547.66,
947,94.94,94.98,20.48,20.50,278.79,278.85,550.06,550.30,
948,95.14,95.18,20.41,20.43,278.55,278.61,550.14,550.38,
949,94.95,94.99,20.45,20.47,278.88,278.94,550.39,550.63,
950,95.29,95.33,20.47,20.49,278.58,278.64,551.18,551.42,
951,95.19,95.23,20.43,20.45,279.70,279.76,551.42,551.66,
952,94.77,94.81,20.40,20.42,281.15,281.21,552.77,553.01,
953,95.00,95.04,20.41,20.43,282.40,282.46,554.67,554.91,
954,94.84,94.88,20.43,20.45,280.38,280.44,552.44,552.68,
955,94.95,94.99,20.36,20.38,280.20,280.26,552.22,552.46,
956,94.19,94.23,20.40,20.42,280.55,280.61,550.86,551.10,
957,94.27,94.31,20.37,20.39,279.91,279.97,551.47,551.71,
958,94.99,95.03,20.45,20.47,278.59,278.65,551.50,551.74,
959,94.81,94.85,20.46,20.48,277.80,277.86,549.51,549.75,
960,94.48,94.52,20.53,20.55,277.04,277.10,547.74,547.98,
961,94.75,94.79,20.63,20.65,277.58,277.64,548.35,548.59,
962,94.46,94.50,20.63,20.65,281.46,281.52,551.40,551.64,
963,94.03,94.07,20.57,20.59,281.42,281.48,549.95,550.19,
964,94.19,94.23,20.44,20.46,281.15,281.21,550.15,550.39,
965,93.72,93.76,20.42,20.44,280.39,280.45,547.92,548.16,
966,93.63,93.67,20.44,20.46,281.74,281.80,549.46,549.70,
967,93.34,93.38,20.43,20.45,281.12,281.18,548.27,548.51,
968,93.60,93.64,20.37,20.39,283.47,283.53,550.77,551.01,
969,93.35,93.39,20.33,20.35,285.47,285.53,551.80,552.04,
970,93.40,93.44,20.33,20.35,287.11,287.17,553.56,553.80,
971,93.24,93.28,20.32,20.34,285.53,285.59,551.62,551.86,
972,93.14,93.18,20.41,20.43,282.19,282.25,547.99,548.23,
973,93.13,93.17,20.34,20.36,282.28,282.34,547.85,548.09,
974,92.74,92.78,20.34,20.36,282.47,282.53,547.35,547.59,
975,93.21,93.25,20.28,20.30,282.80,282.86,548.21,548.45,
976,92.91,92.95,20.26,20.28,284.98,285.04,549.62,549.86,
977,92.28,92.32,20.14,20.16,283.75,283.81,546.61,546.85,
978,92.68,92.72,20.04,20.06,283.49,283.55,546.99,547.23,
979,92.59,92.63,20.10,20.12,282.29,282.35,545.96,546.20,
980,92.85,92.89,20.08,20.10,283.59,283.65,547.78,548.02,
981,93.03,93.07,20.26,20.28,282.90,282.96,548.42,548.66,
982,93.02,93.06,20.16,20.18,282.54,282.60,547.53,547.77,
983,92.78,92.82,20.11,20.13,280.24,280.30,544.80,545.04,
984,92.56,92.60,20.08,20.10,278.00,278.06,542.36,542.60,
985,92.39,92.43,20.12,20.14,279.03,279.09,543.29,543.53,
986,92.30,92.34,20.14,20.16,279.95,280.01,544.03,544.27,
987,92.24,92.28,20.12,20.14,278.22,278.28,542.41,542.65,
988,92.16,92.20,20.28,20.30,275.97,276.03,540.94,541.18,
989,92.30,92.34,20.35,20.37,275.79,275.85,541.30,541.54,
990,92.69,92.73,20.42,20.44,276.74,276.80,543.45,543.69,
991,92.84,92.88,20.31,20.33,276.35,276.41,542.83,543.07,
992,92.97,93.01,20.32,20.34,276.14,276.20,542.98,543.22,
993,93.00,93.04,20.28,20.30,277.41,277.47,544.21,544.45,
994,92.80,92.84,20.27,20.29,274.95,275.01,541.23,541.47,
995,93.08,93.12,20.24,20.26,277.10,277.16,543.90,544.14,
996,93.08,93.12,20.25,20.27,279.36,279.42,546.28,546.52,
997,93.06,93.10,20.20,20.22,280.00,280.06,546.71,546.95,
998,92.88,92.92,20.04,20.06,279.98,280.04,545.79,546.03,
999,92.85,92.89,20.09,20.11,279.18,279.24,545.17,545.41,
1000,92.29,92.33,20.06,20.08,280.50,280.56,545.34,545.58,